svm_mean,svm_std,d_svm_mean,d_svm_std
34.94666809,18.14775597,7.648596642,9.027300811
32.89172223,17.68575568,7.116529153,8.183777403
34.2486613,16.66756253,6.921458026,6.449784466
