svm_mean,svm_std,d_svm_mean,d_svm_std
39.39077705,17.95620757,10.01654318,8.902435725
33.8482934,16.30681064,9.042865992,8.626642009
35.47747016,16.60760581,8.813750756,8.232378207
