svm_mean,svm_std,d_svm_mean,d_svm_std
34.9372077,24.89746273,8.494543809,11.51038955
49.34459191,25.11845335,12.40482038,12.59682191
40.050316,29.56620969,11.55026907,13.68031159
