svm_mean,svm_std,d_svm_mean,d_svm_std
42.85951433,21.47262993,8.755468112,7.483868854
43.97252969,22.35045901,8.853819753,8.184443224
49.7148281,19.42562772,9.759501783,9.089282944
