svm_mean,svm_std,d_svm_mean,d_svm_std
51.07636055,29.32392567,10.0282894,10.07434932
50.80390235,26.60134413,10.60053303,9.789911343
46.68188999,24.51944183,9.623939292,8.628032127
48.03305125,23.02973202,10.01681213,8.849112251
