svm_mean,svm_std,d_svm_mean,d_svm_std
31.50509606,14.99488066,6.267131795,6.250434435
31.21799191,15.91724992,6.323117387,6.292130292
30.55550885,14.93107403,5.832384457,5.662590416
