svm_mean,svm_std,d_svm_mean,d_svm_std
43.50104396,33.55386075,7.891700799,10.08131337
54.79287659,26.8933748,10.20921631,9.308521005
51.57827707,24.1775016,9.361990804,8.422809647
48.98488415,25.21196207,9.429971655,8.876049776
