svm_mean,svm_std,d_svm_mean,d_svm_std
49.94942135,25.70995187,9.730134968,8.768043859
47.88381447,24.97441104,9.123095159,8.100335912
43.77640492,25.7617662,9.237468626,8.682615474
