svm_mean,svm_std,d_svm_mean,d_svm_std
34.81833497,14.58377354,4.725168489,6.206989529
34.37093304,16.3062602,5.21909252,6.240675876
34.83993777,13.34844265,4.445558549,3.582573794
